customer_id,name,email,phone,region,risk_level
1,Anthony Smith,pcarter@hotmail.com,243.751.6176x2665,West,Medium
2,Brenda Johnson,brian45@gmail.com,+1-039-539-9788x62818,South,Low
3,Edwin Soto,thomas69@hotmail.com,908.612.6847,North,High
4,James Campbell,virginiamorgan@gmail.com,161-783-7589x5926,South,Low
5,Richard Cohen,brandonphillips@brown.com,775-727-1658x64027,North,Medium
6,Ryan Henry,hodgesanthony@baker-riley.com,(116)629-1154,North,Medium
7,Chris Wong,fwalters@obrien.org,(353)014-2784x894,East,Low
8,Patrick Spencer,hannah10@yahoo.com,5924666956,East,Low
9,James Lopez,bethroberts@rojas.biz,011.287.5137x958,East,Medium
10,Jared Harmon,ravila@hotmail.com,133.487.1656x55795,North,High
11,Christopher Palmer,kendra27@walker-knight.org,001-730-710-7452x072,East,Low
12,Alejandra Turner,erica95@gmail.com,1494386643,West,Low
13,Sarah Harper,michaelsmith@gmail.com,999.595.0833x62937,East,Low
14,April Brown,miguel56@hotmail.com,+1-264-420-9754x046,South,Low
15,Johnny Wilson,taylorrichards@miller-clay.com,+1-638-526-7576x5824,South,Low
16,Jason Lee,matthew31@patel-freeman.net,(912)920-7085x8237,North,Low
17,Deborah Gilbert,phillipstaylor@gmail.com,764.143.3682x845,North,Low
18,Frank Myers,wramirez@page-white.com,+1-996-635-8485x87793,West,Medium
19,Rebekah Alexander,raven28@holmes-reyes.com,859-332-7429x154,West,Low
20,Amanda Franklin,maria17@gmail.com,(288)013-4040,West,Medium
21,Michelle Hart,meredithjackson@clark.biz,837.992.4785,West,Medium
22,Lucas Lynch,craigmcdonald@allen.com,633.058.7065x42842,East,Low
23,Stephanie Cummings,boydjackie@parker.com,(927)491-6588x5214,South,Low
24,Carolyn Gilmore,andersonkelsey@gmail.com,(940)134-4137x57943,West,Low
25,Laura Smith,bmills@king-bruce.info,330.141.2897x775,South,Low
26,James Rivera,nelsonjose@hotmail.com,006-700-9518,North,High
27,Linda Chavez,vyoung@yahoo.com,001-694-406-5074x864,West,Medium
28,Steven Pineda,fisherelizabeth@johnson.com,205.038.3471,West,Low
29,Becky Hughes DVM,stephaniewells@moon.com,(921)109-3784,South,High
30,Rebekah Rivers,johnsondean@yahoo.com,898.931.0412x186,East,Medium
31,Scott Smith,melissacrawford@pierce-goodman.com,427.712.5672,West,Low
32,Thomas Gutierrez,scottcarr@tran.info,+1-128-271-9547x42734,East,Low
33,Tammy Lopez,donnapotter@gmail.com,(974)811-5648,North,Medium
34,Jessica Bowman,gtaylor@powell-acosta.com,961.331.8598x3861,South,High
35,Jenny Obrien,hcabrera@roberts-cortez.com,669.201.2473x043,South,Low
36,Shannon Arnold,margaret53@gmail.com,(163)439-2231,West,Medium
37,Jonathan Collins,bryanmichael@allen.net,480.435.0184x3398,East,High
38,James Hubbard,millermelissa@gmail.com,790.353.1970,North,Medium
39,Charles Barnes,kellykent@horne-marshall.com,080.534.1051,South,Low
40,Amber Anderson,swansonsteven@stephens.com,001-637-376-3959x6216,East,Low
41,Tyler Gray,hroy@hotmail.com,603-317-9617x5047,West,High
42,Tyler Ferguson,henryschmidt@murray.com,784.916.1627,West,Low
43,Dana Delgado,oharrison@harper.com,364-132-2261x02923,North,Low
44,Melanie Rose,nmcgee@jones.com,697-486-6117,South,Low
45,Nicholas Mccarthy,lanceschmidt@yahoo.com,266.834.4084,West,High
46,Jennifer Saunders,michaelalvarez@hotmail.com,584-635-6115x14261,South,Medium
47,Sarah Lewis,tiffanycook@hotmail.com,+1-482-369-7721x52330,East,High
48,Nicole Bowers,bpratt@williams.com,+1-809-620-6411x3966,East,High
49,John Wells,leejennifer@cortez.org,(905)755-5470,East,Low
50,Michelle Gallagher,stephanieleonard@hotmail.com,+1-258-517-5634x3192,South,Medium
51,Michael Rice,bartonjoe@hotmail.com,+1-119-515-5327,North,Medium
52,Briana Johnson,gainesdiane@yahoo.com,201.730.4381x00326,East,Low
53,Brandon Maynard,carrilloamy@obrien.biz,+1-646-674-2040x52135,East,Medium
54,Roger Allison,ashleyjohnson@dawson.org,001-367-569-8243x395,South,High
55,Kristina Myers,mcdowelljoshua@boyd.com,518-975-3515x65862,South,High
56,Joseph Vincent,xjohnson@alvarez.info,0602013700,South,Low
57,Dr. Natalie Hernandez,wpatterson@adams-davis.com,739.545.9593x2502,East,Low
58,Jennifer Bell,allenmelissa@yahoo.com,990.509.5195x613,West,Low
59,Rachel Avila,jenniferward@jackson-lewis.biz,939-519-7695,West,High
60,Heather Parrish,thomas84@schroeder.biz,+1-342-386-3304x1535,West,Low
61,George Smith,deborahcrawford@parker.info,092-712-1725x7223,West,Medium
62,Stephanie Sanders,harriscristian@yahoo.com,0941153616,West,High
63,Andrew Harris,anitanovak@gmail.com,474.357.8600x3811,West,Low
64,Tina Farmer,stephanieryan@sanders.com,848.869.4028,West,Medium
65,Christopher Coleman,paulariley@yahoo.com,+1-675-782-4514,North,Low
66,Robert Sosa,ryan60@cross-kelley.com,+1-186-636-5804x292,East,Low
67,Jessica Moyer,williamsmichelle@hotmail.com,7920943978,South,Medium
68,Anthony Nunez,marshalllinda@watson.com,158.837.5340x7988,West,Medium
69,Christopher Morton,katherinelevine@lyons-alexander.com,530-554-4982,West,Medium
70,Kathleen Larson,robertssamantha@sweeney.org,(286)516-2951x073,North,Medium
71,John Preston,cjohnson@reese.biz,+1-474-206-7156x45920,South,Medium
72,Bradley Lewis,rosarioashley@gmail.com,(337)929-1912x197,North,Low
73,Kathleen Baker,mcleanrobert@yahoo.com,+1-903-276-9344,West,Low
74,Lauren Torres,katherinecook@gmail.com,9520786858,South,Medium
75,David Lopez,payers@smith.com,459.282.6939x66995,East,Low
76,Chelsea Bradley,brandysingleton@gmail.com,(276)546-7577,West,Medium
77,Elizabeth Davidson,mfernandez@gmail.com,690-632-4085x9182,South,Low
78,Michael Young,tiffanytaylor@hotmail.com,(141)392-6289,South,High
79,Linda Simpson,denisewiley@hotmail.com,+1-105-601-8227x5633,North,Medium
80,Eddie Brown,clarkheather@dean.org,+1-077-034-7451x13597,North,High
81,Cynthia Christensen,brownrita@figueroa-miles.com,898-003-3371,West,Low
82,Christine Lopez,krichardson@huff.com,506-498-6632,North,Medium
83,Daniel Kim,carpenterjoseph@moss.com,(574)060-9599,South,Medium
84,Jennifer Hanson,lisabates@hotmail.com,+1-045-626-5920x5744,East,Medium
85,Randy Campbell,icoleman@salazar.com,838.055.2228x670,East,Low
86,Brandon Christensen,jack04@hall.com,001-586-057-0929x171,North,Low
87,Ann Mccann,nathan53@beard.com,174.642.3886,South,High
88,Denise Pierce,ritterjoshua@hotmail.com,001-182-071-0240x829,North,Low
89,Christina Cross,tmarks@dalton.com,(065)368-4609x7005,South,Low
90,Isaiah Cooper,joseph50@yahoo.com,+1-956-362-1985x5091,West,High
91,Tina Murray,obrewer@moore.net,+1-127-092-0995x498,North,High
92,David Krause,ryanburton@schmidt-york.com,+1-142-481-2520,West,High
93,Jeff Thomas,vmorgan@gutierrez.com,698-761-5978x3303,West,Low
94,David Baker,wpowell@hotmail.com,001-499-024-6840x3844,West,Low
95,Amy Bates,sherryvillanueva@yahoo.com,847.738.4007,East,Medium
96,Tonya Harrison,castroheather@hotmail.com,001-825-714-0614x790,North,Low
97,Linda Johnson,denise67@velasquez.com,599.039.3558x7563,East,High
98,Luis Williamson,claudia13@hotmail.com,615.908.1957x496,South,Medium
99,Bradley Scott,gabrielrodriguez@gmail.com,001-834-620-6948,East,Medium
100,Christopher Holt,bkelly@carpenter.biz,+1-900-312-9702x7509,West,Low
101,Kenneth Patel,gtaylor@carter-nash.info,095.372.8945x3760,South,Medium
102,Emily Whitney,robinroberson@black.com,071.733.8655x0553,West,Low
103,Felicia Johnson,wilsonterri@gmail.com,493.384.3596,North,High
104,Stephanie Castro,thomaserin@lewis.net,(484)969-6551,East,Low
105,Jennifer Williams,pwilliams@rodriguez.com,001-838-180-5784,West,Medium
106,Glenn Gill,shepardjennifer@west.com,472-747-4085x1965,West,High
107,Anna Sutton,nharper@blake-butler.com,905-640-2514x8109,East,Low
108,Robert Bryant,lewisjeffrey@martin.org,931-999-7253,North,High
109,Angela Garner,aliciawiggins@white.com,+1-294-203-0843x364,East,Low
110,Kyle Blevins,sheakimberly@smith.com,426-636-7613,North,High
111,Scott Allison,solisbeverly@parks-mccann.org,(604)294-7893x233,South,Low
112,Hector Hayden,fullerscott@yahoo.com,001-857-011-2187x06710,East,High
113,Steven Hansen PhD,loganjessica@hotmail.com,258-710-9098x510,East,Low
114,Marissa Foster,gbailey@williams.com,001-650-632-0065x64807,North,Medium
115,Amanda Webb,robertrowland@hotmail.com,+1-056-816-2694,West,High
116,Christopher Turner,everettandrew@yahoo.com,(164)246-8141,East,Low
117,Yolanda Hardy,clarktraci@yahoo.com,582.878.3040,West,High
118,Amanda Walker,owelch@ruiz.com,(117)075-9410x39339,East,Medium
119,Joanna Johns,cheyennesmith@ortiz.info,901.185.2727x756,South,Medium
120,Melinda Rodriguez,andrewraymond@kirby.org,965.347.9719x27607,East,Low
121,Lance Hebert,maldonadosarah@yahoo.com,776.499.1701x17778,East,High
122,Angel Harper,freese@yahoo.com,+1-194-805-1299x43901,East,Low
123,Philip Underwood,kwolfe@gmail.com,+1-278-618-5624x01059,North,High
124,Marcia Fisher,qcook@hotmail.com,804.908.5869x5020,East,Low
125,Edwin Cabrera,keithedwards@smith.com,405.898.1599,East,High
126,Justin Bryant,chloe09@gmail.com,001-826-146-7775x183,West,Low
127,Gina Rios,erictaylor@yahoo.com,+1-753-585-3701x467,North,Medium
128,Angela Mcpherson,brandonyoung@yahoo.com,(721)737-4314,East,High
129,Megan Wilson,fitzpatrickbetty@gmail.com,(642)066-6237x0397,West,High
130,Jesse Mckinney,lindseydiana@hotmail.com,001-214-297-4716x9864,East,High
131,Robert Rogers,tamara09@williams.org,(369)254-9612x5661,West,High
132,Cheryl Gillespie,christopherbrown@gmail.com,+1-561-059-6376,East,High
133,Anna Sanders MD,padillajesse@reed.com,+1-284-720-3398,North,Medium
134,Michele Freeman DVM,wendymurray@hotmail.com,667-153-4934x36446,West,High
135,Logan Wilson,wjackson@green-hendricks.com,433-346-5063x7278,West,Medium
136,Raven Rogers,megan99@golden.net,+1-356-141-8725x3102,East,Medium
137,Christopher Jackson,christopherwilliams@gmail.com,267-435-5900x6236,West,High
138,Kyle Collins,tiffany92@gmail.com,001-855-228-5542,East,Low
139,Ronald Duncan,markwilliams@hotmail.com,(274)664-0924,South,Low
140,Kevin Larson,dhill@gmail.com,391.788.3887,West,Low
141,Mary Jordan,richard81@yahoo.com,(437)796-8421,West,Low
142,Billy Lee,gwagner@austin-larson.com,990-370-1257x4142,North,Medium
143,Mark Taylor,kelly85@weber.net,7073159635,East,Medium
144,Douglas Moss,zwalsh@massey.com,(328)283-6234,South,High
145,Dylan Simpson,lopeztimothy@gmail.com,001-606-475-5859,North,High
146,Kaitlyn Adams,jeremyhardin@hotmail.com,364.285.9214,South,Medium
147,Amanda Gill,duanesims@hotmail.com,(232)546-8603x5483,South,Low
148,Susan Martin,sherireid@chavez-jones.biz,+1-852-553-7827x8870,East,Medium
149,Timothy Fox,lrobinson@singleton.com,(140)408-0025x478,South,Low
150,Benjamin Robinson DVM,howardmichael@gmail.com,001-163-971-2739,East,Medium
151,Cory Collins,laurapreston@hotmail.com,(378)285-3242x934,East,High
152,Robert Jackson,hensonmaureen@hotmail.com,283.275.7029,North,High
153,Karen Yang,bryansaunders@gmail.com,889.530.1735x15466,West,Low
154,Nancy Flowers,davidharris@roberts.com,(928)152-0513,North,Medium
155,Christopher Anderson,xgordon@gmail.com,372.326.4228x8018,North,Low
156,Steven Hunt,swansonstephanie@coleman-richardson.net,630.969.4814,North,Medium
157,Dr. John Gonzalez Jr.,eparrish@strong.com,160-489-6193,North,High
158,Shannon Allen,ostanley@hotmail.com,957.181.0720x718,North,Low
159,Jeffrey Lawson,umartin@gmail.com,001-491-223-2033,East,High
160,Sylvia Hess DVM,dramirez@burns.biz,001-758-743-3067x8700,East,Low
161,Timothy Moore,brownlori@hotmail.com,612.990.5106x5110,South,Medium
162,Bryan Galloway,wgilbert@wells.com,179.270.0687x2274,East,Medium
163,Gina Wallace,roystewart@yahoo.com,001-205-069-7716x82426,North,Low
164,Scott Fernandez,jgonzalez@hotmail.com,+1-621-160-7073x79198,West,Low
165,Dawn Alexander,jasonparker@odom-barnes.com,127.486.1861x486,East,Low
166,Maria Griffith,anthony71@blackburn.com,071-687-2679x794,West,High
167,Joshua Wolf,stephenhall@hood.com,(382)448-0216x7672,North,Low
168,Christina Miller,elizabeth63@curtis-hensley.biz,442.618.3232x5569,North,Medium
169,Nathan Velasquez,johnhernandez@yahoo.com,(365)392-7782,East,Medium
170,Michelle Alvarado,smithbarbara@hotmail.com,822.940.5894,North,Low
171,Alice Whitney,chapmanmark@yahoo.com,001-621-000-7899x38640,North,Low
172,Michael Kelly,tracy28@yahoo.com,+1-809-276-7865x60444,North,High
173,Debbie Clay,kimberly14@hotmail.com,+1-923-877-2404x8801,North,High
174,Anthony Taylor,mckenziepayne@gmail.com,709-550-2288,South,Medium
175,Anthony Gonzales,alvarezcheryl@bailey.com,897.398.0669x289,South,Low
176,Julie Walker,ksanchez@lloyd.org,001-853-737-2857,West,High
177,Kimberly Martin,michele20@jackson.com,555.992.4221,South,Low
178,Tamara Castro,martinezmargaret@hotmail.com,001-946-118-0367x3154,North,High
179,John Bell,dbrown@scott.info,2007208719,South,High
180,Jeffrey Kemp,richard02@hotmail.com,858-286-7623x314,North,Low
181,Jacob Patton,nguyenkimberly@yahoo.com,(171)839-5445x6504,East,Low
182,Vickie Scott,kyledudley@gmail.com,022-735-4785x638,North,Low
183,Daisy Miranda,owarren@hotmail.com,(238)566-2243,South,Low
184,John Keller,cartermarcia@gibson-rogers.org,001-782-117-2062,West,Low
185,Ashley Bauer,thompsonjavier@hotmail.com,(758)332-2033x3651,North,High
186,Sandra Fleming,annmartin@gmail.com,001-990-721-7668x6350,South,Medium
187,Linda Robinson,whitakerlisa@flores.com,800.813.2808x1058,West,High
188,Michelle Stone,btorres@gmail.com,+1-520-746-2933x0093,West,High
189,Donna Hicks,dbarrera@hotmail.com,002.479.2685x766,East,High
190,Gina Lopez,kevin63@gmail.com,289.590.7508,West,High
191,Mr. Justin Taylor,jstevens@edwards-neal.org,(490)760-1599,South,High
192,Derrick Anderson,qellison@bridges.com,(400)393-9513,West,High
193,Manuel Chang,heatherjohnson@hotmail.com,526-184-6970,North,Low
194,Lawrence Morales,johnsonrebecca@hotmail.com,001-201-320-4558x9922,South,Medium
195,Brittany Nelson,craigwatts@yahoo.com,317.440.3464,West,High
196,Cristina Goodwin,sethwalker@hotmail.com,765.212.0001,North,High
197,Andrew Livingston,norrisdiane@yahoo.com,+1-291-620-2966x3095,South,Medium
198,Alexander Thomas,theresarobinson@hotmail.com,001-184-113-0126x995,East,Low
199,Michelle Stafford,sanchezerik@hotmail.com,(926)029-5005x328,South,Low
200,Jason Andersen,jeffrey23@deleon-williams.com,(623)580-0445x53377,East,Low
201,Sheena Sullivan,imarks@rowe.com,+1-794-552-4385x69153,East,Medium
202,Sarah Yang,danielle83@yahoo.com,(658)276-9544x49211,East,High
203,Amanda Floyd,wduarte@goodman-clark.com,989.262.8955x33633,West,Low
204,Brandy Cortez,qcox@hotmail.com,812.453.0220x93737,East,Low
205,Tina Young,bwalker@lee.com,994-610-1443x411,West,High
206,Erika Lopez,morrismaria@williams.com,(810)505-1067,East,High
207,Nathan Green,kyledavis@hotmail.com,(264)312-5020x317,North,Medium
208,Robert Cameron,richard84@wilson.biz,480.295.1133x065,West,High
209,Alejandra Butler,jmcdowell@hotmail.com,+1-417-232-2735,East,Low
210,Alexis Holt,jacksonrachel@copeland-hall.com,0175102960,North,Low
211,Maria Fowler,fmiller@williams.com,692-987-1099x22547,East,High
212,Bryan Bennett PhD,alexa35@robinson-mullins.com,0510357140,South,Medium
213,Cameron Stafford,matthew64@thomas-drake.com,(157)684-8272x2339,West,Medium
214,Jose Gallagher,castrobobby@rodriguez-wilson.net,(889)862-4606x863,North,Low
215,Elizabeth Davies,bsmith@gmail.com,(467)411-8726,West,High
216,Charles Martinez,daniel40@gmail.com,306.125.7546,North,Medium
217,Andrew Golden,alexanderrichard@rose.com,+1-652-615-1317x21098,East,High
218,Molly Thomas,jade09@gmail.com,263-888-9866x0418,East,Low
219,Amber Schwartz,raydarin@davis.net,(084)711-2735,North,Low
220,Edward Powers,joel77@hotmail.com,+1-033-769-0423x0783,West,High
221,Christopher Johnson,dowens@grimes.com,411.125.5422x62621,West,Medium
222,John Ware,erin10@hotmail.com,240.134.8379,East,Low
223,Dawn Wilson,emilymendez@yahoo.com,884-151-7168x4844,North,High
224,Jonathan Collins,ashley80@gmail.com,001-996-863-3145x9870,North,High
225,Robert Ware,hudsonjason@johnson.org,(481)634-6156,West,Medium
226,Jay Hoffman,amandageorge@gmail.com,1003695558,East,High
227,Julie Potts,matthewsthomas@leon.info,(434)954-5027x02493,West,Medium
228,Andrew Krause,qlopez@phillips-thompson.org,330-739-9164,South,High
229,Rick Williams,sandra77@mcdowell.com,(920)698-9554,West,Low
230,Gabriela Clark,ytorres@norris.com,214.892.5644,North,Low
231,Lauren Miller,jeremiah55@rodriguez-rodriguez.com,8165715272,West,High
232,Elizabeth Clark,wdunn@wilson.com,(906)034-2242,West,High
233,Joseph Salazar,blakeshawn@gmail.com,(586)181-0733x438,South,High
234,Daniel Ortega,tmartin@yahoo.com,+1-093-304-0342x30293,East,High
235,Tamara Garner,mhoffman@hotmail.com,(874)960-1251x007,West,High
236,Carol Hale,christine42@bowen.com,978.203.0250,South,Medium
237,Justin Curtis,williampham@franco.com,664-394-0662,South,Low
238,Ashley Rogers,allencaroline@park.info,732-306-3309x446,East,Medium
239,Karen Rice,katrina77@hotmail.com,(229)152-0653,West,Medium
240,Jill Harding,deannamason@zuniga.org,+1-002-090-3419,East,Medium
241,Joseph Cole,llambert@hotmail.com,961-774-0805x73058,West,Low
242,Patricia Carter,hpeck@kane.com,+1-700-182-6477x5669,East,Medium
243,Seth Anderson,martinharry@gmail.com,+1-040-552-9452x7738,East,Low
244,Jack Barnes,gary66@morse.com,1977209803,South,High
245,Christina Waters,harrisandrea@gmail.com,495.376.6727,North,Medium
246,Stephen Vega,adkinslisa@cole.com,(114)648-7212x935,West,Medium
247,Rachel Sims,jacob82@yahoo.com,067-869-5159x45545,North,Low
248,Thomas Rodriguez,harrisoncaleb@yahoo.com,802.329.9125x212,East,Medium
249,Janet Anderson DDS,wgreene@madden-garcia.com,(146)306-2186,North,Low
250,Ashley Gardner,wyattmoore@mathews.com,036.579.4207,West,High
251,Christopher Moore,carlosgarcia@gmail.com,585.786.7694x70532,West,High
252,Sarah Odom,zandrews@hotmail.com,+1-209-288-6101x1602,West,Medium
253,Stacy Morgan,josephsullivan@fuentes-kelly.com,+1-348-995-3021x389,East,High
254,Abigail Herrera,johnlane@phillips.info,(393)342-9833x7119,West,High
255,Cody Baker,cle@hotmail.com,001-433-145-4320x449,West,Low
256,Ariana Prince,arobinson@yahoo.com,750.335.6613x02719,East,Medium
257,Stephanie Hayes,stephanie59@yahoo.com,1437553610,South,High
258,Crystal Lopez,lesparza@gmail.com,882-147-7214,West,High
259,Christopher Moore,tporter@yahoo.com,001-207-919-8487x1629,West,High
260,Casey Cervantes,ryanjimenez@gmail.com,+1-976-913-6312,East,High
261,Sheila Price,lglenn@alvarez.com,001-796-801-4470x17543,South,Low
262,Amanda Mcmillan,wmoreno@peck.com,541-422-3653x656,North,Medium
263,Travis Taylor,michael92@gmail.com,328-973-0519x543,North,Medium
264,Haley Willis,allenwalsh@clark.com,241.655.2127x26224,North,Low
265,Alicia Martin,mark14@morrison.com,675.712.6210,North,Medium
266,Miss Stephanie Middleton,owillis@yahoo.com,001-450-740-9710x10714,North,Medium
267,Kenneth King,amanda04@hess.com,995-429-4119x1924,North,Medium
268,Ryan Fox,brandy59@scott-west.com,(881)095-3994x808,South,High
269,Brandy Anderson,aaronrangel@hotmail.com,954.999.2823x887,South,High
270,Daniel Mason,stevenflowers@yahoo.com,343-699-3641x133,South,Low
271,Valerie Robinson,christopher68@garcia-hoffman.com,342.734.6522x461,East,Low
272,Darryl Pearson,markbrown@garcia.com,404-791-4021x8024,West,High
273,Adam Caldwell,stephenkelley@robinson.biz,218.355.9831x529,South,Low
274,Michael Velasquez,simonmichael@edwards.com,(101)188-7661,North,High
275,Linda Lee,dfisher@barajas-kennedy.com,286-122-5379x87262,West,Low
276,Nicholas Hunt,troypark@eaton.com,001-413-004-9001x61626,East,Low
277,Brian Marsh,cmcgee@hotmail.com,(547)015-7429x71752,West,Medium
278,Joanna Perez,christophermahoney@gmail.com,386-658-0185,North,Low
279,Courtney Nicholson,williamsdonald@fisher-lee.biz,(037)562-9255x48322,South,High
280,Jacqueline Dennis,halvarez@hotmail.com,9693020288,West,High
281,Marissa Gilbert,porterkimberly@hotmail.com,758.188.3604x262,South,High
282,Keith Cox,waltonhelen@yahoo.com,371-993-9712,West,High
283,Kimberly Bates,millermatthew@yahoo.com,094.339.3251,North,High
284,Jennifer Coleman,matthewallen@yahoo.com,526-769-3489x29813,East,Low
285,Daniel Smith,kristindurham@cochran-santos.com,217-983-6560x75351,South,Low
286,Kevin Martin,rnelson@perry-cardenas.org,839.774.2610x78713,West,Low
287,Julia Cherry,jennifer43@sherman.info,+1-194-115-5420x3488,South,Medium
288,Emily Aguilar,clarkallison@williams.com,+1-112-133-1416x490,North,Low
289,Brian Shelton,ebrown@hotmail.com,4968166370,South,High
290,Cory Thomas,aprilgonzalez@farmer.org,(332)866-8089x1070,North,Low
291,Andrea Martinez,martha07@gmail.com,708-821-3193,South,Low
292,Richard Lewis,fmorris@williams.com,+1-877-776-2712,West,High
293,Linda Jordan,hutchinsonjason@gmail.com,(908)397-6500,West,High
294,Jill Lynch,aaronwilson@gmail.com,(961)411-6582,North,High
295,Tonya Miller,randy98@martinez-chandler.net,297-161-8956x58451,South,Low
296,Stacy Mccoy,scottgloria@novak.biz,1496557199,North,Medium
297,Marcus Simon,kgonzalez@hotmail.com,269.986.5032x62144,East,High
298,Seth Shaw,michaelbauer@price.com,+1-928-535-1971x1112,West,High
299,Mark Ritter,kcarpenter@hunter-jones.info,334-344-2995x2863,East,Low
300,Joseph Lee,leslieproctor@gmail.com,2698067397,South,Low
301,Timothy Contreras,gonzalezemily@hotmail.com,172-926-1775x0414,North,Medium
302,Catherine Cherry,ijoyce@hotmail.com,001-652-948-9922x08331,North,High
303,Jeffery Tran,millerjason@walker-trujillo.info,+1-878-579-9130x6940,North,High
304,Martin Brown,bruce83@smith.net,(786)195-3722x7373,East,High
305,Bruce Ferguson III,lbrown@yahoo.com,+1-973-964-3965x9057,North,Medium
306,Michele Smith,zlewis@yahoo.com,001-809-055-3048,North,Low
307,Diana Alvarez,jstephens@gmail.com,0412031770,North,Medium
308,Cynthia Phillips,tayloringram@moore.org,001-857-456-6411x137,East,Low
309,Eric Howell,christine44@hotmail.com,(496)157-8335,South,High
310,Diane Owen,meyeralice@yahoo.com,457.914.5241,East,Medium
311,James King,simmonsjoshua@burns.com,825.954.9102,West,Medium
312,Jessica Lambert,lewismichael@yahoo.com,(600)380-4633,West,Medium
313,Jared Garcia,tristanhall@cameron.com,349.139.4811,South,Medium
314,Lisa Colon,lvaldez@hotmail.com,0798857202,West,Low
315,James Garrett,perezkevin@brown-nelson.com,(403)793-9962x42141,East,Low
316,Paul Harmon,chelsea22@henderson.com,219.457.8401,East,High
317,Kimberly Ramirez,lisa43@yahoo.com,(553)399-2553x89741,West,Medium
318,Andrea Tanner,rosecharles@lopez-gonzalez.net,(705)228-7225,West,High
319,Shelia Carroll,thomasnathan@smith-olson.biz,(393)619-9850x4376,North,High
320,Renee Lopez,aaron40@mercado-norris.biz,+1-597-424-0998,East,High
321,Kelli Gutierrez,wklein@gmail.com,243.965.6287x4486,East,Medium
322,Erin Fox,david03@calhoun.org,447-937-5120x33313,East,High
323,John Crane,christina89@davenport-trevino.org,+1-612-619-6463x53764,South,Medium
324,Adam Hall,alicegreene@williams-young.info,+1-372-856-8316x647,North,Medium
325,Benjamin Johnston,rkennedy@yahoo.com,385.926.1086,East,Medium
326,Maria Martin,rmartinez@jacobs-davis.info,618-921-8998,South,Low
327,Lisa Snyder,nicholasarellano@grant.info,657-618-0758x489,West,Low
328,Brandon Wright,shudson@patterson.com,513.820.0173x364,North,Medium
329,Daniel Boone,lmorgan@schwartz-moore.com,124-463-5070,West,Low
330,Katherine Baker,amy22@hotmail.com,(092)619-5295x182,North,Low
331,Melissa Rojas,hsilva@fields.info,+1-646-561-5841x1411,West,Low
332,Amber Huff,crystalphillips@hotmail.com,001-249-244-6786x692,South,High
333,Christian Escobar,christopher01@gmail.com,(701)743-0214,West,High
334,Donna Coleman,april42@hotmail.com,777-438-4389x0570,West,Low
335,Stephen Jackson,ksmall@hotmail.com,001-421-542-3867x7263,South,Medium
336,Laura Jimenez,ellisstacie@gonzales.com,642.591.0221x086,East,High
337,Paul Foley,jenniferjordan@yahoo.com,+1-796-738-3733x043,East,High
338,Jason Davis III,juliairwin@yahoo.com,912-684-1531,East,Low
339,James Hunter,jacksoneric@hotmail.com,001-511-729-3448x1029,North,Medium
340,Melissa Garcia,mariasanchez@brown.info,+1-602-040-6882x68575,South,Medium
341,Catherine Ray,ismith@carlson.com,(052)431-6824x9921,East,Medium
342,Trevor Doyle,barias@hotmail.com,776.861.2633,South,Medium
343,Christopher Anderson,adamwarren@jones.com,+1-574-674-3982,North,Medium
344,Sylvia Perez,penaangelica@gmail.com,(219)993-1234x2115,North,Low
345,Amanda Benson,felicia18@alvarez-green.com,(789)147-5841x58419,North,Medium
346,John Stephens,markfreeman@hotmail.com,695.796.9525x8364,West,High
347,Sandra Douglas,cowandebra@martinez.biz,2236935785,South,Medium
348,Kathleen Collins,marcussmith@yahoo.com,+1-396-556-5310x5643,South,Medium
349,Lindsey Tran,carl32@allison.com,408-522-9445,East,Medium
350,Linda Taylor,janetzimmerman@tran-crawford.com,238.818.2957,North,Low
351,Jeremy Blake,michaelaguilar@chandler.org,(534)725-6431x097,South,Low
352,John Benton,madeline24@horn-smith.com,001-629-084-8308x26230,South,Low
353,Jeremy Meyers,ruizstacey@arnold-dawson.com,(963)548-9308x17345,South,Low
354,Joanne Beltran,kingkelly@gmail.com,5157956645,South,Low
355,Katie Campbell,erichurley@yahoo.com,763.409.7236x333,North,Low
356,Dakota Burton,sarahlane@scott.info,503.356.2809x28374,South,High
357,Kathryn Shelton,pnorman@bean-hampton.info,665-963-2490,West,High
358,Eric Ramos,oporter@glass.org,(867)651-9355,North,Low
359,Matthew Reyes,paullinda@bailey.com,(787)935-3456x44826,West,Low
360,James Green,jreid@gmail.com,+1-756-351-9208x48906,East,Low
361,Lori Harris,georgefoster@smith-beck.com,082-546-6696,East,Medium
362,Barbara Hawkins,mnguyen@peters.com,(108)544-7805,South,High
363,Mary Cook,zsnyder@hotmail.com,721.553.5130x92473,North,Low
364,Jennifer Hawkins,calvinmiller@morales-phillips.com,(173)731-0780x121,West,High
365,Veronica Bryant,christiandillon@henry.com,016.122.3228,West,Low
366,Michelle Martin,sarahhall@castro-lee.com,7009740680,South,Medium
367,Nancy Morales DDS,martincarolyn@camacho-wilson.com,001-128-827-2554,East,High
368,Shannon King,jarviskaren@johnson.info,(426)117-7563x659,West,Low
369,Lauren Johnson,jonathan82@anderson.com,001-394-298-2562x474,West,Low
370,Tyrone Peters,castillonicholas@ruiz-gordon.org,+1-636-756-1595,South,Low
371,Tonya Lane,jasonsnyder@smith.biz,361.700.8894x89523,East,Low
372,Michael Arnold,ocampos@yahoo.com,514.600.0038x56093,North,Medium
373,Nicole Reed,vsosa@saunders.org,207-297-7436x1320,North,Low
374,Matthew Foster,sheryl66@bell-graham.net,(749)138-5826,North,High
375,Juan Cruz DDS,hmartin@gmail.com,415.733.7413,North,Low
376,Scott Adams,olivia95@parrish-smith.net,025-302-8678,South,Low
377,Joseph Lowe,allenphillip@gmail.com,+1-026-613-1095x3700,North,Low
378,Jennifer Rodriguez,ricky44@griffin.com,977.453.1149,East,Medium
379,Brian Gonzalez,vcross@yahoo.com,001-696-800-3314,South,Low
380,Angela Griffin,ntorres@hotmail.com,(084)565-1946x6498,East,Medium
381,Amanda Newman,gloriakelly@jenkins.biz,595-156-5789,East,Low
382,Elizabeth Taylor,vwalker@salas.com,692-941-1130x735,East,Low
383,Daniel Bishop,robinfox@gmail.com,330.451.3222x0647,West,Low
384,Elizabeth Hoffman,millerscott@yahoo.com,497-740-6364x8898,South,Low
385,Patricia Schwartz,chris13@yahoo.com,296-384-5967x398,East,High
386,Phillip Shelton,jenniferdavis@gmail.com,(291)819-5399x66698,East,Medium
387,Ashley Dean,ericsandoval@robbins.biz,(039)978-6066,West,Medium
388,Michael Thompson,wattsstephanie@williamson-pittman.com,001-766-519-6603x19819,North,Medium
389,Michelle Watkins,hillevelyn@chung-garrett.com,8006037326,West,Low
390,Timothy Murphy,lowemelissa@yahoo.com,886.576.5455x980,East,Medium
391,Jonathan Spencer,vanessa12@payne.com,+1-876-041-1912x38995,North,High
392,Stephanie Young,phamilton@yahoo.com,664.276.5561x937,South,Low
393,Brooke Padilla,oirwin@floyd.com,001-809-086-0279,East,Medium
394,Dawn Lopez,eburton@burke.net,+1-778-018-0606x21103,East,Medium
395,Sara Brown,stephen23@hotmail.com,+1-070-320-1158x18692,East,Medium
396,Crystal Gonzalez,jason47@jackson.com,3577938898,East,High
397,Steve Johnson,meyerjoseph@silva-evans.com,133-601-9144,North,Medium
398,William Alexander,jennifer51@lewis.com,740.718.2677,East,Medium
399,Mike Lindsey,kgonzales@yahoo.com,654.168.2565x94666,West,Medium
400,Mary Brewer,vchristian@yahoo.com,001-613-794-6849x582,South,Low
401,Sabrina Williams,yarnold@hotmail.com,744-218-6676x86329,South,Medium
402,Cynthia Browning,hoffmandwayne@washington.org,235-780-4029x959,South,Low
403,Mrs. Kristen Watson,holmesapril@stokes-jennings.info,001-302-778-2539x715,East,High
404,Richard Cordova,tuckermeredith@yahoo.com,817.408.3814,East,High
405,Travis Hill,mlopez@richardson.com,989-237-7752x478,South,High
406,Sharon Walker,wmorgan@buchanan.com,001-511-704-0659x60055,East,Low
407,Steven Griffith,jasmine34@martinez.biz,666-669-7486,West,High
408,Sherry Wells,markmiller@gmail.com,(709)847-7005x658,East,Low
409,Steve Fox,davidvazquez@hotmail.com,561-100-1961x016,East,Medium
410,Karen Ramos,craigtate@gmail.com,637.454.6479x0463,North,Medium
411,Michelle Harding,amywade@gmail.com,1830518739,West,Medium
412,Sandra Cervantes,hberry@gmail.com,494.586.7750x3965,West,Low
413,Judith Mejia,xelliott@hamilton.biz,6182705144,North,High
414,Jane Garcia,harveystacy@murillo-graham.org,481-800-9611x3300,East,Low
415,Jennifer Murillo,davidsoncaitlyn@gmail.com,123.030.1376,West,Medium
416,Nicholas Sloan,derek71@hall-madden.com,(365)059-0550x2085,North,Medium
417,Jeffery Marquez,brandy20@yahoo.com,317-340-5541,North,Low
418,Christopher Goodwin,thompsonjonathan@li-morgan.com,180-287-7381x321,West,Low
419,Heather Baldwin,jeffreyhall@kerr.com,792.559.0647,West,Medium
420,Mark Weiss,weberbrett@gmail.com,181-672-0377x541,South,High
421,Jessica Hart,brenda60@yahoo.com,(824)477-5867x64703,West,Medium
422,Veronica Ross,bwatkins@harris.com,073-191-7335,North,High
423,Joshua Ortiz,saraholmes@hernandez-moran.com,5400975139,South,Medium
424,Bobby Franklin,bstanton@gmail.com,(075)466-0319x67846,West,High
425,Sara Hawkins,rodriguezkathryn@rogers.org,(587)249-4604,South,Medium
426,Daniel Hickman,christopher19@hotmail.com,(482)636-2363x406,North,Medium
427,Shirley Gordon,rogersjodi@mills.com,923.483.2409x900,East,Medium
428,Shannon Williams,jaredgonzalez@smith.com,+1-118-158-2354x6417,South,High
429,Matthew Patel,donald19@gmail.com,538.043.4194,South,Medium
430,Joshua Brown,katherine15@hotmail.com,(435)941-2452,West,High
431,Sandra Mathis,christopher01@goodwin.com,840-677-4947x633,South,Medium
432,Madison Gilmore,randy30@austin.com,8948709863,South,Medium
433,Amanda Lynch,karla16@yahoo.com,+1-368-504-0933,North,Low
434,Dr. Shawn Shepard,aliciajackson@lamb.biz,195-071-3264,North,High
435,Vanessa Kennedy,williamsdarrell@owens.net,718.840.3435,North,Medium
436,Connie Burton,williamschristina@golden.com,001-852-594-9733,West,High
437,Scott Johnson,fjohnson@allen-dillon.com,511.765.2123x0420,South,Low
438,Robert Lowe,brookefritz@hotmail.com,(973)178-0261x2063,South,High
439,Laura Fisher,vasquezanna@yahoo.com,321-713-3858x4239,South,Low
440,Samuel Burns,xclark@yahoo.com,(006)321-7712x33163,West,High
441,Michael Soto,sean48@gmail.com,192.299.8339x4223,South,Low
442,Paul Owens,reeveskenneth@yahoo.com,0378123862,West,High
443,Michael Rodgers,coltonrivera@gmail.com,(236)430-7047,East,Low
444,Ronald Bennett,angelaosborne@yahoo.com,730.211.2132x5075,North,Medium
445,Anthony Hunter,millerjoshua@yahoo.com,001-456-207-0642,West,Medium
446,Brandon Snyder,hlopez@hotmail.com,219-705-3015x5909,North,Medium
447,Wanda Carter,larryburke@hotmail.com,001-999-905-2353x22709,South,High
448,Seth Reyes,hallricky@hotmail.com,265-963-0056x54282,North,Medium
449,Jeffery Thomas,courtney68@gmail.com,718.675.3639x14906,West,Medium
450,Kaitlyn Bruce,adrian47@wright-ritter.info,+1-652-974-5067x97628,East,Low
451,Cody Smith,johnsmolly@mcguire.com,+1-712-995-9387x9909,North,Low
452,John White,scottronnie@yahoo.com,001-076-784-5998x477,South,Low
453,Patrick Hendricks,fbryant@yahoo.com,533-537-0628x4353,South,Medium
454,Alexis Conway,smurphy@hotmail.com,958.236.5760x31320,West,High
455,Amy Montgomery,griffithmichael@yahoo.com,1523841560,South,Low
456,Nicole Choi,cynthiasolomon@glover.com,539.250.5066x08555,North,Low
457,Amanda Smith,kimdonald@yahoo.com,706-895-4575x686,South,Low
458,Michael Marshall,greenvalerie@rodriguez.com,6894667386,South,Medium
459,Amber Oliver,hrogers@yahoo.com,0673145442,South,Low
460,Tina Taylor,randolphdavid@hotmail.com,220-093-0996,East,Low
461,Tyler Martin,amberfloyd@hotmail.com,+1-143-008-5080x1419,East,Low
462,Timothy Andrews,nsalas@levine-martin.com,(603)832-1024,East,High
463,Victoria Butler,juliebenson@harris.com,176.648.1220x0933,South,Low
464,Joshua Richard,davidwatson@hotmail.com,275.672.9478x31160,North,Low
465,Johnathan Frazier,odonnellmatthew@gmail.com,(707)056-0504x50448,North,Low
466,Angela Young,nicholeweber@cannon-mcdonald.com,423-339-9096x126,South,High
467,Stanley Rowe,joelmorris@fuentes-brown.org,001-954-432-3554x21219,South,Medium
468,Dawn Hanson,leonardjordan@dixon.biz,506.064.9597x55646,West,High
469,Beth Maxwell,salazarmatthew@gmail.com,910-382-0134,East,Medium
470,Tonya Parsons,amandagregory@baker-harmon.com,2520235930,South,High
471,William Cook,michelereeves@gmail.com,001-517-903-0741x5969,West,High
472,Brett Morrison,jwilliams@hotmail.com,(226)943-1534x982,East,High
473,Hailey Steele,mitchelljoshua@yahoo.com,001-111-697-4677,North,Low
474,Alyssa Black,dthompson@yahoo.com,776-187-6466x1026,East,High
475,Isaac Hutchinson,nicholas33@hendricks-moran.org,947.254.5787x126,North,Low
476,Carolyn Smith,emilyhale@hotmail.com,001-285-935-4663x333,West,Low
477,Vanessa Reyes,yhughes@crawford-oliver.net,812-672-7225x079,South,Medium
478,Carol Ward,alisonwalker@yahoo.com,001-910-053-7478x738,East,High
479,Eric Jones,wardrobert@gmail.com,(688)965-2994x0554,East,Low
480,Michelle Young,kaylawalker@gmail.com,+1-119-204-9174x2591,North,Medium
481,Jenna Payne,annaavila@hotmail.com,+1-383-428-5067x832,North,Low
482,Kimberly Owens,qsloan@powell.com,001-793-212-9887,North,Medium
483,Chad Green,rachel97@gmail.com,(705)064-4295x4912,West,High
484,Jason Young,roberta53@warner.com,001-013-638-1936,East,Medium
485,Joseph Pierce,wernerdaniel@hotmail.com,001-152-497-4176,West,Medium
486,Taylor Molina,isaac20@yahoo.com,(205)752-3862,South,Low
487,Margaret Ochoa,pmayo@miller.com,+1-382-447-8907x0227,South,Low
488,Travis Murray,adamnewton@yahoo.com,+1-505-636-7226,South,Medium
489,Linda Bowers,jessica06@gmail.com,+1-880-574-7391x39816,South,Low
490,Jacob Lewis,eramirez@hotmail.com,(182)992-6200,North,Medium
491,Mr. Vincent Cook PhD,carolynle@cisneros.biz,0624531520,South,Low
492,April Ray,villarrealpam@davila-jones.com,9212046469,North,Medium
493,Michelle Rivera,justin61@yahoo.com,(705)603-7481,South,Medium
494,Steven Ochoa,evansdylan@contreras-alvarez.com,7491977086,South,Medium
495,Bradley Riddle,whitney90@kent-cantu.biz,+1-289-381-8821x3360,South,Low
496,Christopher Calhoun,danielbullock@brown-jacobson.com,(138)245-7799,North,Low
497,Michelle Guzman,burnscaroline@weber.com,8322481428,North,Medium
498,Brian Thompson,katelyn97@mills-walker.org,(236)234-2277,South,Low
499,Mitchell Kim,bennettcharles@hotmail.com,587-438-6350,East,High
500,Dawn Parrish,melissarhodes@hotmail.com,001-137-790-3035x060,North,High
501,Travis Galloway,jpetersen@owen-cervantes.com,286.098.1851x209,South,Medium
502,Tiffany Kelly,rachelprice@graham.net,325-310-0967x09814,East,Low
503,Charles Willis,whitneylewis@allen.com,(362)423-2679x0834,South,High
504,Victoria Paul,stephaniejimenez@gmail.com,8809842539,East,High
505,Lori Olson,zdowns@gmail.com,046.693.7705,East,Medium
506,Destiny Montgomery,fullergeorge@vargas.com,4668886269,North,Low
507,Craig Wilkins,wilkinsdavid@yahoo.com,729-098-9961x141,East,High
508,Elizabeth Sullivan,ohubbard@luna.com,(026)871-0639,North,Low
509,Anna Mcdowell,waynesolomon@gates-hernandez.com,+1-236-022-8933x896,East,High
510,Samantha Chase,ramireztimothy@hotmail.com,273.723.1202x020,West,Low
511,Rebecca Murray,franksteven@velasquez-cox.com,+1-135-391-0505,East,Medium
512,Erica Rogers,josephewing@yahoo.com,(233)574-1898x77939,West,High
513,Dawn Stevens,jenniferknight@boyd.com,194.917.5754,North,Medium
514,Daisy Melton,williamslisa@green.com,822.828.1602x325,North,High
515,Kathryn Bond,ralph17@miller.net,493-677-0630x6147,North,High
516,Henry Gilbert,julie23@yahoo.com,(060)484-3844,North,Medium
517,Timothy Murphy,brittany73@johnson.biz,001-734-225-3532,West,Medium
518,Christopher Turner,garciaashley@figueroa.biz,541.375.9198,East,Low
519,James Osborne,carrillodawn@yahoo.com,(403)134-3212,North,Low
520,Terry Quinn,kwoods@gmail.com,483-783-3755x14135,West,Medium
521,Tiffany Hammond,bhickman@yahoo.com,848.311.5007x6157,South,High
522,Danielle Martinez,twhite@olson-ingram.com,752-948-9910x0358,East,Medium
523,Thomas Hernandez,davidsimmons@schneider-friedman.org,001-645-941-6695x256,North,High
524,Michelle Bennett MD,matthewrodriguez@yahoo.com,001-109-226-2179x75572,North,Low
525,Brittany Wagner,ericrice@gmail.com,001-552-374-1094,South,High
526,Andrew Stone,johnkoch@williams-scott.com,(157)534-9484,North,Low
527,Michelle Thomas,cynthia85@gmail.com,902-220-3707x0830,East,High
528,Pamela Galvan,justin59@yahoo.com,001-192-640-1125x671,South,Medium
529,Tiffany Fields,kristawaters@hotmail.com,624-434-5739x73417,East,Low
530,Joanne Wells,melissacastro@gmail.com,251-445-3837,West,High
531,Jennifer Thomas,victormartin@livingston.com,(393)412-9594,South,Low
532,Stephanie Hudson,zachary75@gmail.com,(922)885-9020x77006,South,Low
533,Sonya Phillips,cynthia02@gmail.com,788.114.7931x237,West,Medium
534,Dwayne Mcdonald,michaelerickson@williams-maldonado.com,001-118-648-6658x827,West,Medium
535,Elizabeth Pena,arnoldnicholas@lawson.com,822.342.3917,North,High
536,Matthew Cook,robin08@hotmail.com,001-405-138-5314x059,East,Low
537,Alexa Shelton,cgriffin@mcconnell.com,364-665-2710,South,Low
538,Samantha Nelson,ianobrien@hotmail.com,001-931-438-8224x932,North,Medium
539,Joshua Fox,clifford75@garcia-martinez.com,0365003811,South,High
540,Alyssa Bush,lyonsjeff@porter.com,001-014-311-2623x522,East,High
541,Scott Watson,oprice@lewis.com,927.527.5984x2107,North,High
542,Linda Phillips,rhondacook@cole.com,781-683-0156x994,South,Low
543,Elizabeth Schultz,ymartin@nash.com,937-569-9572x30777,West,High
544,Bruce Thomas,smithheidi@hotmail.com,524-206-2786x3619,North,Low
545,Kimberly Moore,robertlynch@rodriguez.net,(375)939-4250,East,Low
546,Amy Allen,janehughes@taylor-rodriguez.biz,+1-583-862-8758,West,High
547,Joshua Alvarado,sara18@faulkner-williams.com,558.072.5045,South,High
548,Daniel Anderson,kylebailey@griffith.net,(728)347-8526x61846,East,Low
549,Stacy Parker,kimberlymeadows@watson.com,587.146.2439,North,Medium
550,Shannon Torres,alexisrichardson@hotmail.com,(590)202-2126x459,South,High
551,Carol Berg,mercedes39@cooper.com,001-841-724-4814x355,West,Medium
552,Jerry Martinez,rosedaniel@yahoo.com,+1-359-276-8890x678,East,High
553,Erika Stewart MD,anthonyjessica@yahoo.com,4418100553,East,Medium
554,Cody Johnson,jameswalton@wyatt-johnson.org,684-564-0738x9238,West,Low
555,Nathan Garza,mayerchristopher@newton.com,251.102.5568x78305,North,Low
556,Theresa Curry,meganbush@thompson-braun.com,775.108.2782,North,Medium
557,Lisa Murray,thomasgardner@gmail.com,001-385-039-9540x5151,South,Low
558,Amy Patel,pavila@martin.org,698.434.6783x176,West,High
559,Kathryn Rice,origgs@yahoo.com,001-954-043-0044x86154,North,High
560,Mark Long,haroldpowers@luna-mathis.com,143.829.3571x608,East,Low
561,Stacy Smith,amandahorne@anderson-hall.com,+1-414-999-9255x5442,East,High
562,Kimberly Davidson DDS,richard88@baker-ross.com,001-871-686-3073x7605,South,Low
563,Michael Nelson,millsdavid@hotmail.com,(017)886-0384x502,East,Medium
564,Alicia Gonzalez,tcooper@hunter.com,721.512.3999,East,Low
565,Mr. Adam Johnson,gmaldonado@gilbert-lozano.org,+1-266-507-9352,East,Low
566,Scott Wilcox,kevinowens@gmail.com,295.546.8753,North,High
567,Rita Myers,ajones@fields.info,334.699.1618x5284,North,Low
568,Annette Adams,veronicaallen@gmail.com,915-948-8105,South,Medium
569,Trevor Trevino,ssmith@yahoo.com,(276)606-5300,North,Low
570,Tara Bennett,seanmartin@massey.info,763-568-7492x020,East,Low
571,Christian Green,debrasilva@williamson.biz,001-246-646-2346x0537,East,Low
572,Stacy Newman,paul14@yahoo.com,174.670.6270,South,Low
573,David Cochran,milleralicia@hotmail.com,001-189-914-5109x7467,South,High
574,Anna Gibson,samuel62@lynn.info,(534)740-3936,West,High
575,Holly Moore,jefferyjoyce@clark.net,001-857-671-0823x891,North,High
576,Jessica White,smithjoel@gmail.com,(926)132-0910x28496,South,Medium
577,Kelly Lee,tyler99@gmail.com,001-396-655-9867x447,North,High
578,Melinda Alvarado,harveylarry@gmail.com,858.779.3031x430,West,Low
579,Tony Stokes,markjones@hart-riddle.biz,+1-737-365-9711,South,High
580,Jeff Munoz,timothybeck@cruz-jackson.com,9592219322,West,Low
581,Tammy Tucker,kendrabenson@savage.com,+1-120-453-9061x8689,North,Low
582,Walter Adams,david44@hotmail.com,001-472-075-3220x573,East,Medium
583,Victoria Lee,stanleyjames@yahoo.com,168-505-7909,West,Medium
584,Shannon Moore,alex66@stone.com,(873)081-8716x19065,North,Medium
585,Wesley Wallace,brendamoran@gmail.com,5585952792,North,High
586,Shane Stein,melissa69@petty-smith.com,001-681-148-8567x26618,North,Medium
587,Ashley Williams,beckjeffrey@yahoo.com,(285)796-6083x998,West,Low
588,Tyler Harrington,curtis36@carrillo-medina.biz,(748)947-5529,West,Medium
589,Ashley Sutton,qflores@yahoo.com,(247)997-2762,West,Low
590,Connie Palmer,greenechristina@hotmail.com,+1-494-614-8845x661,West,Low
591,David Mcdaniel,tkelly@hamilton-harris.org,+1-406-367-8199x565,South,Medium
592,Christopher Caldwell,alexisdennis@hotmail.com,(307)404-3550x89746,West,High
593,Erica Marquez,newmanamber@vasquez.net,197.694.6104x539,East,Low
594,Samantha Morgan,jcharles@mitchell-phillips.com,654-400-4698x520,South,Medium
595,Sherry Brown,katherineperry@hotmail.com,001-292-514-4039x640,West,Low
596,Paul Jackson,kenneth88@galloway.info,001-744-275-6968x1357,East,Medium
597,Michael Dunn,knightgeorge@griffin-flores.net,6102996239,East,High
598,Lindsey Green,ybarrera@collins.org,879-757-2766x38055,West,High
599,Stephanie Miller,nwarren@hotmail.com,241-662-2827x843,South,Low
600,Bobby Taylor,stephanie45@torres.com,001-444-165-7751,West,Low
601,Melissa Ward,hgross@reed.com,001-902-340-3154x8959,East,High
602,Laura Thomas,danielssandra@hotmail.com,863-636-2920,West,Low
603,Daniel Brown,chendana@hotmail.com,(689)098-7442,West,High
604,Ruth Travis,craighampton@higgins.info,725.850.1174,West,Low
605,Danielle Yang MD,dianasavage@hotmail.com,664.718.4306x04796,North,High
606,Nicole Bryant,jacqueline37@berg.com,184.219.8515x0753,South,High
607,Jamie Smith,ksalazar@yahoo.com,070.817.8732,North,High
608,Kristy Stephens,shellyowens@gmail.com,959-549-2628x70404,North,High
609,Rachel Townsend,ann27@hotmail.com,(448)516-1846x913,North,High
610,Wendy Martin,powelljeanette@gmail.com,+1-465-061-4763x9961,North,High
611,Sharon Crawford,brittney14@avila.com,(162)737-7482x4087,East,Low
612,Diane Hart,igonzalez@garner-gould.biz,105.630.5571x339,West,High
613,Katelyn Farrell,glenn65@robertson.net,288.611.4309x06124,East,Low
614,James Schmidt,reedpatricia@thomas-perez.com,7986762019,North,High
615,Samantha Lara,blackrachel@gmail.com,869-279-0276,South,High
616,Charles Martinez,robert66@yahoo.com,+1-005-281-2220x3149,East,High
617,Amy Perez,katelynlopez@gmail.com,158-190-2613x7042,South,Medium
618,Cheryl Hill,christinamyers@yahoo.com,001-090-370-3404,East,High
619,Paul Garza,baustin@gmail.com,+1-855-513-8097x89023,South,Low
620,Amy Harris,kellyingram@hotmail.com,521.631.6130,North,High
621,David Williamson,kingwayne@summers-matthews.net,3164977132,North,High
622,Melissa May,zachary10@yahoo.com,(194)791-9272x5161,East,High
623,Michael Maldonado,williamstyler@phillips.com,001-127-759-6847x47569,South,High
624,Paul Mcdonald,holly98@yahoo.com,408.765.8513x13503,West,Medium
625,Lindsey Clark,mariewells@hotmail.com,(108)856-9471,West,Medium
626,Deborah Harris,castrochristopher@yahoo.com,692.019.1361x175,East,Low
627,Joshua Farrell,loricruz@gmail.com,001-575-406-4923x7784,East,Low
628,Patricia Wheeler,lisa69@gmail.com,+1-006-348-2230,West,Medium
629,Kevin Walker,robertcook@lane-lawson.com,839-102-9881x9257,North,Low
630,Logan Mendez,ibarker@yahoo.com,(685)154-4732x130,South,Low
631,Robert Nunez,gentrywillie@hotmail.com,(468)255-3045,North,Medium
632,Jason Barnett,fowlerbrandon@price-brown.info,(191)044-1175x22550,North,Medium
633,Mary Vang,brittanygreene@hotmail.com,(599)379-6471,South,High
634,Denise Cunningham,steven82@taylor-arellano.net,+1-350-494-5516x58962,East,Medium
635,Bradley Fox,scottwagner@holden-anderson.com,811-432-3657x205,South,Medium
636,Brian Jones,mortonsarah@oliver.net,072-052-5293x20496,South,High
637,Jeremy Chavez,eric97@hurley.com,501.483.0711,East,High
638,Patricia Bird,rachaelweaver@hotmail.com,(333)427-2728x84806,North,Low
639,Matthew Martinez,yhudson@yahoo.com,+1-687-809-2746x936,East,Low
640,Brittany Huber,lance33@yahoo.com,634.273.9685x064,South,High
641,Lisa Erickson,oali@garza-cannon.com,(920)051-0049x00618,South,High
642,Kristen Rollins,thomaschristensen@hotmail.com,+1-198-675-8726x17547,North,Low
643,Shannon Ramirez,makaylapoole@rose-weber.com,430-877-2584,South,Medium
644,Denise Mercado,reidsara@yahoo.com,684-695-6371x46882,North,Medium
645,Kristen Sanchez,gregorymiller@gmail.com,001-464-102-9163x775,West,Low
646,Clayton Newman DDS,castillosamuel@watts-ross.info,884-187-7832,West,High
647,Sarah Johnson,paulawilson@jones.info,(544)812-8009x668,East,Low
648,Yvette Rodriguez,ashley57@graham.biz,001-506-942-3929x21717,North,Medium
649,Ashley Wise,paul14@yahoo.com,001-756-780-2247,South,Medium
650,Joseph Andrews,bmartinez@smith-hernandez.org,+1-938-094-0842,North,Low
651,Mark Arellano,agonzalez@flores.biz,266.908.8362x141,West,Medium
652,Amy Holden,jill00@hotmail.com,+1-910-886-6978x488,South,Low
653,Mrs. Nancy Harris,brianturner@anderson-santos.com,001-007-428-9455x85471,East,Low
654,David Wright,meyerjoshua@lopez-douglas.net,9050523075,West,Low
655,Diana Smith,angela89@gmail.com,(764)344-8287x2662,East,High
656,Scott Young,vlynch@yahoo.com,3335039566,North,High
657,Louis Shaw,pgray@rocha.com,876.782.6372x708,West,High
658,Jordan Carr,zvargas@hotmail.com,015.605.5460x56031,South,High
659,James Juarez,hendersonstephen@herrera.info,(593)371-9942,South,Low
660,Scott Davis,jared03@hudson.com,(575)352-6612,East,Medium
661,Carlos Salas,denise32@yahoo.com,(915)991-6264,East,Medium
662,Michelle Davis,osmith@gmail.com,(954)893-9579,West,Low
663,Anthony Johnston,brianlloyd@allen.com,001-820-695-9551x1180,East,High
664,Melvin Carr,williamsmelissa@sanders.com,415-887-4191,South,Low
665,Michael Cummings,djimenez@gmail.com,0816088981,North,Medium
666,Katie Myers,rrichardson@hotmail.com,245.770.1896,East,High
667,John Williams,sparksjohn@wilson.info,(410)031-3251,East,Low
668,Jessica Reynolds,melissarobinson@gmail.com,001-106-599-5279x1686,West,Medium
669,Sheri Schwartz,riosdiana@yahoo.com,1003995422,South,Low
670,Jennifer Johnson,chambersjoseph@gibson.com,781.920.5200,North,High
671,Alyssa Quinn,wsmall@gmail.com,038.763.2050,East,High
672,Emily Scott,rosalesvanessa@hotmail.com,389-528-8114,West,Medium
673,Nicole Miller,rhodesamanda@macias.net,176-191-5213x90437,West,Low
674,Aaron Rivera,madisonsanchez@gmail.com,034.726.0560x070,West,High
675,Danielle Myers,rstevens@hotmail.com,518.134.4811x250,East,Medium
676,Heather Brown,sporter@gmail.com,(095)286-8925x3669,West,High
677,Audrey Jones MD,paulburns@orozco.com,018-614-3701,West,High
678,Karen Roberson,isaiah71@mccall.biz,688-884-9784x656,East,Low
679,Michael Watts,williamallen@osborn.com,273-474-2678,East,Medium
680,Monica Cook DDS,ginalawrence@hotmail.com,(595)951-2853x2957,West,High
681,Sharon Perkins MD,rhughes@torres-jones.org,410.104.5192,West,High
682,James Le,ashleyanderson@gmail.com,(875)105-4553x357,East,Medium
683,John Carney,mitchelljulie@curry.com,796.477.4061,East,Medium
684,Kim Vance,leahbryant@yahoo.com,377.046.7985,South,Low
685,Mark Schultz,sheila23@brown.com,(246)971-1990,West,High
686,Kenneth Jacobs,kklein@hotmail.com,+1-450-031-5544,West,High
687,Anna Patterson,sarah51@yahoo.com,001-847-198-6323x0929,East,High
688,Isabel Silva,angelacarroll@contreras.com,985-624-8707x9210,West,High
689,Rachel Hansen,johnsonryan@moore.com,001-628-451-2021,West,High
690,Christina Manning,bgentry@yahoo.com,001-148-915-2326x76093,North,High
691,Ruth Lewis,fitzgeraldashley@long.com,+1-041-937-3363x7404,East,High
692,Brittany Sanchez DDS,beverlylarson@patton.com,001-503-109-9000,North,Low
693,Austin Perkins,nicholas77@wolfe.com,001-284-820-6508x09223,South,High
694,Jeffrey Harding,timothy08@gmail.com,560-586-6418x451,South,Low
695,Tammie Kennedy,timothy47@spencer.com,475.487.8718x410,North,High
696,Roberta Cuevas,brett88@li.biz,+1-204-599-2186x24345,North,Medium
697,Donald Williams,sharon14@evans.info,081-934-2686x21806,North,Low
698,Christopher Mendez,elizabethbryant@ray.info,(618)360-7916,South,Medium
699,William Ruiz,breynolds@maxwell.org,080.015.2775,North,Medium
700,Amanda Barber,jenna76@clark.com,382.610.1041x9623,West,Medium
701,Bryan Fleming,claire58@perez.biz,001-436-554-9623x00579,North,Medium
702,Jennifer Rodgers,mollyarias@yahoo.com,+1-072-334-1976,North,Medium
703,Elizabeth Diaz DDS,ndecker@weeks-thomas.biz,948-442-4959x163,West,Medium
704,Kerry Nelson,leahkrueger@yahoo.com,+1-929-097-4717x549,North,High
705,Peter Mills,iscott@hughes.com,407.314.5428,East,High
706,Diana Torres,kaylamorgan@hotmail.com,+1-532-140-3266x815,South,Low
707,Sarah Walker,adamscarol@hotmail.com,001-011-977-7346x987,West,Low
708,Lisa Black,amyhopkins@mitchell-rogers.com,001-972-857-0562,West,High
709,Emily Martinez,gzuniga@yahoo.com,001-270-566-5258x9029,East,High
710,Dr. Jason Ortega,melendezjanet@yahoo.com,341.362.5690x9464,South,High
711,David Ortiz,jillbarnes@gmail.com,(115)768-6589x0312,South,Medium
712,Jaime Shepard,kimmichael@yahoo.com,123-516-4935x333,North,Medium
713,Arthur Carter,hilledward@zimmerman.com,383-975-2505,South,Medium
714,Alexis Wilson,josewhite@gmail.com,(007)064-2235,West,Medium
715,Melissa Murray,jenniferroberts@gmail.com,+1-086-269-9513x512,West,Low
716,Ryan Hurst,timothytorres@gmail.com,001-027-149-6118x699,West,Low
717,Albert Freeman,jgarrett@hotmail.com,+1-043-668-0864x3696,North,Medium
718,Christopher Baxter,robertgibson@yahoo.com,+1-235-803-7906,North,Medium
719,Lawrence Warner,michaelelliott@jenkins.com,001-756-921-6262,West,Low
720,Christopher Lopez,joshua37@ballard-mcmahon.com,001-081-337-9568x3892,West,Low
721,John Flynn,kathryn74@walker.com,3233312428,West,High
722,Melissa Fuller,jasongood@myers.net,099-299-5015,South,High
723,Jeffrey Garrett,sleach@woods.com,001-092-544-8754x309,South,Low
724,Rachel Callahan,markscrystal@cochran.com,+1-048-895-8655,North,Medium
725,Peter James,ashley87@hotmail.com,001-018-324-1599x223,East,Medium
726,Tony Harris,anthonypatrick@johns.info,861-905-1365x60874,South,Low
727,Maria Green,mary69@gmail.com,568.068.5235,East,Low
728,Andrew Bell,susan11@hotmail.com,327-498-3243x5034,West,Medium
729,Marcia Bruce,vtaylor@lee-zimmerman.com,(499)031-0141x648,South,Medium
730,Michael Harrison,heatherruiz@gmail.com,+1-471-706-6448x7705,North,High
731,Tyler Pham,leonard39@hotmail.com,+1-274-483-4207x545,South,Low
732,Frank Harris,baileysara@gmail.com,083-837-8253,West,Low
733,Jessica Byrd,rachelgarner@beltran.com,574.474.5435,West,High
734,Marcia Cox,vegascott@gmail.com,859.806.6345x563,West,Low
735,Jamie Morgan,blaketiffany@james.biz,+1-726-707-2947x478,East,Medium
736,Anthony Doyle,youngjames@hotmail.com,+1-301-310-1523x114,East,Low
737,Jennifer Wright,christiangraves@yahoo.com,(876)074-4905x3474,East,High
738,Mariah Winters,haleheather@yahoo.com,(149)339-2221x5270,South,High
739,Steven Ritter,lawrence93@gmail.com,001-061-853-6696x64973,East,Low
740,Ronnie Aguirre,christopherdillon@gmail.com,(391)931-1798,West,Medium
741,Sean Peterson,codybridges@cameron.com,0750261384,North,Medium
742,Thomas Wright,karinaduffy@yahoo.com,973-196-5840,West,High
743,Rachel Johnson,alyssaking@austin-long.biz,001-513-459-0135x9778,South,Medium
744,Ana Rivas,ruth91@becker-villegas.biz,350.458.3478,North,High
745,Joshua Warner,travis44@cantrell-petersen.com,1060544297,East,High
746,Kimberly Hess,rhodescrystal@hotmail.com,776.277.1125,West,High
747,Karen Hernandez,tmontoya@yahoo.com,(920)232-2031x871,East,High
748,Susan Zuniga,manderson@gmail.com,+1-384-538-6602x2093,West,High
749,Laura Wright,tuckercolin@kramer-jenkins.com,2308004942,South,High
750,Melinda Pope,deborah66@hotmail.com,+1-603-989-2631x59960,East,Medium
751,Tyler Gibbs II,moorestephanie@yahoo.com,201-806-7956x67909,North,High
752,John Smith,richardcurtis@mckay.com,001-693-796-5141x344,North,High
753,Thomas Haney,gilbert86@hotmail.com,001-250-968-4520,North,Medium
754,Jessica Farmer,jmartin@stephens-kelley.com,001-500-404-1703x129,East,High
755,Debbie Parrish DDS,michael27@gmail.com,+1-595-620-9873x5686,South,Medium
756,Joseph Haley,johncarlson@dunn.org,559-259-6560x11310,West,Low
757,Catherine Fox,vsmall@cooper.com,799.060.3753x7167,South,Low
758,Jacob Hunter,robynpage@gmail.com,+1-521-766-8535x5262,South,High
759,Juan Lopez,ahernandez@floyd.info,001-275-812-0151,West,Medium
760,Kevin Poole,joshuaevans@pitts.com,706-152-3334x773,West,Low
761,Ashley Evans,gregoryharrison@yahoo.com,001-362-812-0911x52796,East,Medium
762,Randy Mullen,mcknightjeffrey@leblanc.com,474.185.2789x78852,West,Medium
763,Brandi Meadows,travis36@smith.info,779-844-9388,South,Low
764,Brittany Scott,travisking@campbell.biz,+1-185-864-9918x240,West,Low
765,Allen Delgado,garnerjoy@hotmail.com,+1-330-077-7343,East,Medium
766,Robert Davidson,samanthagutierrez@gomez.info,(830)378-8564,East,Low
767,Brian Patrick MD,brennanerica@gmail.com,(225)974-4004x16513,North,High
768,Susan Nelson,brookeaguirre@molina.biz,428-148-9096x15793,East,Low
769,Mary Ross,gregorybuck@yahoo.com,(712)295-4476,East,Medium
770,Mark Wilson,jonathananderson@gmail.com,762.709.7284,East,Low
771,Jennifer Jimenez,hallstacey@allen.com,708.121.2556x504,West,Medium
772,Lonnie Brooks Jr.,martinlindsay@yahoo.com,(927)517-8804x702,South,Low
773,Danielle Welch,david34@schneider.com,891.998.3034x4010,South,Low
774,Crystal Palmer,mlove@hotmail.com,(270)957-1130x22171,North,Medium
775,Melissa Obrien,wilcoxrichard@yahoo.com,750.802.7003,South,Low
776,Scott Hudson,pmarshall@jackson-alvarez.org,+1-155-310-0179x35737,North,Low
777,Anna Henson,molinastephen@baker.com,786.362.1700,West,Low
778,Mark Rogers,irodgers@yahoo.com,108-203-0596,East,Low
779,Daniel Hawkins,nancywhite@hill.com,198.631.3209x5320,West,Medium
780,Tanner Weaver,blackeric@yahoo.com,(133)576-2569x4880,North,Low
781,Jessica Schmitt,rachaelhowell@gmail.com,189-636-5607x09948,South,High
782,Robert Williams,davismichael@orozco.info,(412)207-8408x087,West,Low
783,Sarah Austin,robert28@rivera-johnson.com,066.629.6448,South,High
784,Jessica Rubio,christopherreilly@yahoo.com,(156)433-3418,East,High
785,Curtis Davis,brittany82@thomas.com,8777251507,North,Low
786,Deborah Reyes,fwood@gmail.com,863-850-9551x1306,East,High
787,Max Lloyd,cynthiacarter@gmail.com,+1-989-683-1109,East,Low
788,Michael Soto,ellislori@banks.com,712-713-6877,North,High
789,Cassidy Quinn,mark61@gates.com,+1-926-775-9250x61960,East,Medium
790,Brett Mann,cheryl37@hotmail.com,+1-258-515-8947x08228,East,Low
791,Lindsey Ruiz,matthew70@roth-roberts.com,(898)042-5469,North,Medium
792,Mary Johnson,jeffreylopez@hotmail.com,1026591136,East,Low
793,Nathan Hernandez,armstrongadam@fitzgerald.biz,+1-780-433-2899,East,Low
794,Lauren Silva MD,elizabeth94@bruce.com,+1-795-392-4589,East,Low
795,Crystal Schultz,andrew30@williams.com,001-471-796-5088,West,High
796,Julie Padilla,jeffrey49@yahoo.com,001-787-524-9776,South,Low
797,Nicole Medina,jennifer38@murphy.net,+1-256-505-0292x98651,East,High
798,Gene Perry,douglaswood@williams.net,401-125-0291x33861,South,Low
799,Mark Reeves,sheilajones@jones.com,312-876-3165x2720,South,Low
800,Benjamin Reyes,lopezshawn@gmail.com,1378525992,East,Medium
801,Sara Hines,karenmoore@cruz-cobb.info,4656510311,West,High
802,Sarah Roberts,eclark@barnes.biz,528-482-3816,North,Low
803,Karen Carter,elizabeth62@hotmail.com,806-424-8222x403,South,Medium
804,Wesley Butler,acannon@poole.org,644.511.0759,East,Low
805,Richard Simpson,coreyhughes@andersen.com,646.798.0999,North,Low
806,Brandon Schultz,ljohnson@mcdaniel-jones.biz,+1-119-152-4635x324,North,High
807,Jonathan White,jonesanna@carroll.info,001-425-814-3639x772,West,High
808,Tiffany Stone,jjones@clark.com,(900)747-8607x013,North,High
809,Melissa Carroll,linda70@williams.com,632-833-6420,South,High
810,Linda Green,karathomas@gmail.com,001-030-089-6927x8495,South,High
811,Christian Riley,obryant@gmail.com,(142)460-9912x2751,South,Low
812,Barbara Williams,kingcarolyn@gmail.com,756.811.3604x84022,North,High
813,Aimee Wright,petersonsuzanne@yahoo.com,(014)612-5133,West,Medium
814,Amy Mitchell,kramercarl@robbins.com,4626096660,East,Low
815,Andrew Strickland,monica17@haynes.info,375.328.9258x78520,South,Medium
816,Terri Garcia,tiffanywarren@gmail.com,(534)825-1290x326,West,Medium
817,Evan Campbell,tfuentes@yahoo.com,001-873-246-3514x4373,West,Low
818,Patricia Daugherty,aaron85@gmail.com,805-798-4805x88793,West,Low
819,Ronald Cortez,natalie07@gmail.com,321-060-7698x36094,East,Low
820,Steven Hernandez,ftorres@swanson-kim.com,220.038.3641,North,Low
821,Brittany Mosley,vgregory@hotmail.com,380.951.6364x0881,North,Low
822,William Thompson,joanna10@smith.biz,100-937-4621x167,South,Medium
823,Robert Davis,christophernavarro@davis.com,001-295-091-8696x64467,South,Medium
824,Melissa White,freemanjerry@yahoo.com,001-208-376-0056,East,Low
825,Dr. Michelle Warner,robertdeleon@yahoo.com,001-424-832-0988x99643,South,Low
826,John Petersen,taylorshari@king.net,001-433-377-0646x89416,South,Low
827,Kelly Ramirez,michael23@gmail.com,(879)660-0847,West,High
828,Eric Stevens,matthew81@white-roberts.com,001-763-303-1339x1726,West,High
829,Susan Gibson,christine84@hart.org,+1-174-900-0631x5842,South,High
830,Christopher Brown,melanie82@gmail.com,001-883-866-4462x35786,South,Medium
831,Samantha Thompson,suelong@yahoo.com,198-543-9211x50268,North,Low
832,Susan Watkins,omoore@watson-whitney.com,(142)657-7552x17942,East,Medium
833,Helen Williams,margaretwiley@gmail.com,441-840-1444,North,High
834,Kimberly Thompson,schmidtalicia@lester.biz,001-934-267-0415x264,East,High
835,Thomas Holland,ellisjames@wilson.com,694-274-8450x825,East,Low
836,William Adams,pricerichard@key.biz,760-006-0473x66361,West,High
837,Alexis Herrera,melissa16@hotmail.com,001-538-815-1902x980,North,Medium
838,Christine Ramirez,cle@hotmail.com,+1-028-786-7794,North,Medium
839,Andre Wilson,bryan95@sharp.info,783.210.6687,West,Medium
840,Sherry Andrade,atran@torres-haynes.org,(098)139-7697,North,Medium
841,Hailey Miller,jasonschwartz@rodriguez-phillips.biz,(306)843-1747x77831,North,High
842,Abigail Jones,canthony@gmail.com,432.209.2539x95183,West,High
843,Pedro Schwartz,mitchelllawrence@yahoo.com,001-893-862-8238x683,West,High
844,Angela Buck,sallymueller@herrera-sanchez.biz,427.060.2064x7822,South,Low
845,Timothy Shepard,hendersoncheryl@gmail.com,+1-200-080-1848x948,South,Medium
846,Travis Reyes,simmonsrobert@hotmail.com,(816)091-7303,North,Low
847,Melissa Parker,tuckerlindsay@hotmail.com,143-541-3906x34106,North,High
848,Alicia Lewis,zacharywheeler@hotmail.com,001-629-689-5691x1650,East,Medium
849,Sarah Mccarty,christophergardner@gmail.com,001-177-353-2915x768,West,Low
850,Brittney Murray,james30@gmail.com,402.842.6738x527,South,Medium
851,Stephen Richards,charlesdustin@moore-curtis.biz,(693)086-0091,West,Medium
852,Charles Davis,crystal13@foster-rodriguez.info,815-310-1888,North,Medium
853,Stephanie Coleman,fritzchristopher@olson-thompson.com,925-578-7080x9487,South,Low
854,Stephen Foster,adambaker@yahoo.com,001-534-635-8531x74851,North,Medium
855,Michael Hunt,bwilliams@cruz.com,+1-556-158-7593x153,North,Low
856,Amy Blackwell,courtneycline@mitchell.com,001-106-863-6191,East,Medium
857,Jeffrey Anderson,rbrandt@gmail.com,717.082.7313,West,Medium
858,Carol Love,josephbell@yahoo.com,626.447.4264,South,Low
859,Darren Bernard,jtran@gmail.com,320-951-3441,West,High
860,Rodney Campbell,kennethestrada@hotmail.com,+1-650-456-2874,South,High
861,Robert Alexander,wmcdonald@hicks.com,497.437.2423,East,Low
862,Christina Hull,beasleydavid@stone.org,+1-908-661-2371x93925,West,Medium
863,James Shaffer,davieskristin@haney.com,+1-564-954-2891x627,North,Medium
864,Patricia Hunter,ashley23@gmail.com,(462)876-1846x1828,South,Low
865,David Nolan,melendeznicole@cline.com,(715)272-1167,East,Medium
866,Michelle Gray,eddieflores@gmail.com,001-033-263-5602,West,Medium
867,Eric White,cindy47@morgan.com,953.620.4905x8376,West,Medium
868,Douglas Martin,josemaldonado@james.com,001-529-635-6373,South,High
869,Richard Hernandez,jonespaige@rodriguez.biz,193-436-0933,West,Medium
870,Henry Kelly,jay15@gmail.com,821.988.1428,East,Medium
871,Chelsey Green,johnsonsherry@gmail.com,941-439-9243x018,South,High
872,Bianca Cameron,murphyjeremy@yahoo.com,+1-117-343-7669x581,North,High
873,Kenneth Martin,butlerkristin@williams.com,852.393.1706,West,Medium
874,Johnny Harris,lindseyrobertson@farrell.com,001-128-291-7080x1796,East,Medium
875,Benjamin Acosta,garciarichard@gmail.com,685-918-1263,West,Low
876,April Reed,panderson@greer-ryan.biz,+1-422-046-0509x7120,East,High
877,Kimberly Jones,millsamanda@hotmail.com,001-255-762-7606x3199,East,High
878,John Fisher,christina28@walker.com,320-294-2230,North,Medium
879,Katie Reid,austin85@johnson-jacobs.info,(972)399-3693x6886,East,Low
880,Tracey Martinez,michelle04@santos-reese.com,(744)495-1264x0356,West,Medium
881,Alyssa Roberts,rebeccahernandez@sanders.com,(647)175-9272,South,Medium
882,Kendra Davidson,hparrish@rivera.com,374.986.3228,South,Medium
883,Joseph Carlson,edgarsilva@campbell.com,727-940-0333x2696,South,Medium
884,Jason Moore,alyssa09@gomez.com,985-015-6256x237,West,Low
885,Kenneth Murphy,sherryturner@mclaughlin-owens.com,777.169.0902x71219,North,Low
886,Katherine Hoover,franceskim@powers.com,+1-369-603-2989x98433,South,High
887,Justin Davies,jgibbs@davis-erickson.com,+1-739-468-1517x0427,South,Medium
888,Shaun Howard,robert40@yahoo.com,+1-319-730-0171x343,East,Medium
889,Brenda Richardson,allensheryl@avery.com,(600)936-7593,West,Low
890,Danielle Chen,jacksonamanda@hotmail.com,001-435-243-5824,East,High
891,Joshua Ferguson,fbrooks@hotmail.com,744.070.2503x208,West,High
892,Oscar Greene DVM,tmclean@yahoo.com,(052)867-4198,South,Low
893,Debra Ferguson,fthomas@yahoo.com,722.680.0437x836,West,Low
894,Lisa Hines,millskristen@dickerson.com,+1-799-473-3636x9744,North,Low
895,Ashley White,woodmary@yahoo.com,(716)535-4025x46112,West,Low
896,Matthew Rosario,kruegerbeverly@gonzalez-williams.biz,818.088.8428,West,Low
897,Lauren Lee,blake65@martinez.com,001-469-350-2145x51160,West,Low
898,Caroline Alvarez,owilliams@yahoo.com,901-878-2360x6637,North,Medium
899,Robin Cox,hillcraig@dunn.com,001-783-581-9274x9166,East,High
900,Carolyn Murphy,oschmidt@parsons.com,001-125-933-3533x3833,West,Low
901,Michael Nelson,isaac66@yahoo.com,734-712-5294x9269,South,Low
902,Marcia Jones,nancy48@hotmail.com,402-745-1096,North,Medium
903,Stephanie Lewis,kevin65@gmail.com,(675)358-8255x812,West,Medium
904,Jessica Duke,brittney76@gmail.com,255.226.4212x786,South,Medium
905,Travis Davis,mccarthyronald@brooks.com,+1-081-640-4407x5505,West,High
906,Juan Cherry,qcoleman@miller.net,567-043-2889x063,North,Medium
907,Jeremiah Russell,pachecomarvin@yahoo.com,286.216.1203x382,West,Medium
908,Angel Peterson,benjaminstrong@yahoo.com,301-250-4372x12919,East,High
909,Christie Johnson,michellebaker@gmail.com,435-343-6533,West,Medium
910,Gabriella Rivera,riggsdustin@hotmail.com,+1-696-744-2638x631,South,High
911,Gary Whitaker,rsalinas@moreno.com,738-350-3886x370,East,High
912,Jeremy Brown,jamiebond@dillon-barnett.org,001-641-287-8606x186,South,High
913,Martha Haynes,marymcconnell@gmail.com,+1-185-386-4531x210,South,Medium
914,Rhonda Burton,lewisheather@dunn-burgess.info,+1-154-933-2480x607,West,Medium
915,Melanie Davis,alejandraharris@gmail.com,570.383.0540,East,Medium
916,Melissa Wagner,susan58@yahoo.com,028-846-2338x80491,West,Low
917,James Clark,vickie23@hotmail.com,+1-163-286-3119,South,High
918,Douglas Pace,jamesowen@williams.com,8150968679,North,Low
919,Kathy Koch,sydney56@yahoo.com,+1-769-775-4335x725,South,Low
920,Bruce Chavez,melinda82@hall.com,(701)566-4394x3716,East,Medium
921,Matthew Alvarez,smccoy@yahoo.com,(745)279-4237x0386,South,Medium
922,Mckenzie Dudley,leon16@yahoo.com,(962)772-0588,East,Medium
923,Jennifer Watts,patricia89@hotmail.com,110-345-6775,East,High
924,Shelby Howell,xporter@yahoo.com,+1-011-535-0504,North,Low
925,Breanna Miles,johnscott@woodward-parker.com,(662)957-7920,East,Medium
926,Judith Kennedy,tamara54@rodriguez-mckee.net,690-076-0746x43091,South,High
927,Jeremy Tucker,vanessafitzgerald@roberts.org,344-606-3654x96995,East,Low
928,Samuel Clark,markrich@hotmail.com,001-309-677-1171x87184,North,High
929,Roger Larson,ocantrell@gmail.com,914.465.4103,East,Low
930,Haley Harris,michaelstevens@simmons.com,970.198.2648,East,High
931,Alexandria Thomas,carl06@molina-herrera.com,+1-835-910-0606x946,East,Medium
932,Timothy Thomas,morenokimberly@hotmail.com,+1-057-745-5867x894,West,Medium
933,April Jacobs,paul87@cook.com,+1-075-504-4716x557,East,High
934,Spencer Woods,amy26@phillips.net,962-945-4520x589,West,Low
935,Matthew Lopez,cainmichelle@smith-chapman.com,(426)527-9364,South,Low
936,Zachary Edwards DDS,kimberly61@collins.biz,388-588-5115x362,North,High
937,Melissa Smith,ashleygreen@hotmail.com,(628)568-6799,West,Low
938,Beth Logan,richardfleming@lopez.com,685.277.4984x617,West,High
939,Kevin Hudson,malonepatricia@duke-austin.info,760.114.1785x14731,East,Low
940,Amy Garrison,danderson@yahoo.com,001-982-657-0703,West,Medium
941,Gabriela Davis,tnavarro@yahoo.com,001-374-191-1783x196,South,High
942,Margaret Huffman,mariajohnson@austin.biz,737-910-2136x99270,South,High
943,Andrea Green,smithpatricia@lee.net,(791)560-6725,East,Low
944,Alexa Brown,gonzalezemily@gmail.com,946.049.1185x93794,North,Low
945,Stephen Terry,william76@hotmail.com,409-159-4664,North,High
946,Jillian Molina,mcclurewendy@bernard.com,143-757-5189,East,Medium
947,Scott Cruz,scott28@yahoo.com,+1-418-935-1851x69346,West,High
948,Darrell Farmer,timothy35@klein.info,001-113-273-6155x87747,South,Low
949,Marcus Day,fdouglas@martinez-hooper.info,311.921.0229x69191,West,Low
950,Paula Hart,anthonycarter@henson.com,+1-470-402-1829x278,West,Medium
951,Cynthia Williams,jenniferjordan@booth-santana.com,585-712-4959x27452,South,Medium
952,Michael Velez,zross@smith.com,(261)284-3089x8419,North,Low
953,John Mcdaniel,quinnedward@gmail.com,491-713-8358x626,West,Medium
954,Robert Lee,jorgehernandez@hotmail.com,269-552-8225x11595,North,Medium
955,Rachel Bell,samuelhurley@york-serrano.com,(225)425-4053,South,Low
956,Samantha Stanton,matthew35@carr.com,+1-653-158-0096x3140,South,Medium
957,Lisa Olson,hollandryan@porter-johnston.com,859.561.2510,North,High
958,Marcus Little,bennettkatie@wilson-wise.net,640.981.2151x94948,North,Low
959,Sean Mccarthy,colemantracy@green.com,001-515-318-0276x985,South,Medium
960,Matthew Taylor,usingleton@yahoo.com,924-907-2397x218,East,High
961,Christopher Miller,jeffreymartin@sullivan.biz,543-923-3932x446,East,High
962,Vanessa Mckenzie,preynolds@carlson.com,764.455.7458x7794,South,Medium
963,Debbie Clark,beth61@edwards-williams.com,001-207-573-3262x842,East,Low
964,Michael Rojas,wileyricardo@harris-guerrero.com,058-062-5495,East,Medium
965,Margaret Gomez,patricia24@blair-jennings.org,445.652.0719x618,West,High
966,Christopher Palmer,beltranjacqueline@gregory.com,616-296-2994,North,Low
967,Brittney Hubbard,davidgarner@yahoo.com,256-223-3532,West,High
968,Lindsey Bailey,youngkelsey@tucker-robbins.com,001-557-853-0940x361,West,Medium
969,David Kelly,cacosta@burns-thompson.com,+1-870-946-4239x319,East,High
970,Joseph Ruiz,adam64@buchanan-jimenez.info,+1-085-807-8968x2915,West,Low
971,Cheryl Garcia,stephensderek@gmail.com,+1-065-184-4165x233,South,Medium
972,Mr. Joshua Morris,derek07@yahoo.com,632.254.7771,West,Low
973,Douglas Schroeder,gilbertmarie@gmail.com,+1-829-505-3550,East,High
974,Thomas Miranda,mcdonaldjean@yahoo.com,+1-298-553-9282x670,North,Medium
975,Jeff Mullins,daniel18@baldwin.com,380-975-2018x4684,South,High
976,Dylan Glass,nicholasanderson@williamson.com,+1-054-021-1919x941,East,Medium
977,Rachael Bishop,kenneth94@douglas.com,(105)275-9647x92154,North,High
978,Jeremy Hays,travis87@taylor-white.com,223.942.1745,North,Medium
979,Kyle Hayes,lori69@keller.net,895.886.2053,South,Medium
980,Taylor Gaines,karenfrazier@gmail.com,(082)927-8978x31377,West,Low
981,Danny Lewis,morganwoods@jacobson-harris.com,+1-533-977-8488x161,East,Medium
982,April Gates,joshua11@martin.net,700-718-6187x4045,West,Low
983,Robert Ball,peter47@gmail.com,001-633-165-2689,North,Low
984,Jeffrey Dawson,ismith@lynn.com,514-868-2328x368,South,Medium
985,Travis Nguyen,steelejessica@wade-beasley.com,001-068-486-2792x840,East,Medium
986,Charles Brown,andersonbenjamin@yahoo.com,+1-001-027-0179x9085,North,Low
987,Denise Maldonado,debramahoney@hotmail.com,990.690.9357,West,Medium
988,James Johnson,mariawilliams@holt.net,164.374.2083x4654,East,Medium
989,Ashley Herrera,howardmartha@gmail.com,+1-600-651-4781x189,West,Low
990,Ebony Elliott,kaisernicole@gmail.com,001-018-612-6994x64402,East,Low
991,Timothy Morgan,pwalsh@gmail.com,660.474.2575x496,East,Low
992,Jorge Bradford,stephanieandersen@vargas.biz,(017)175-9592x014,North,High
993,James Allen,lrichards@aguirre-williams.com,001-310-328-8026x50152,South,Low
994,Emily Walker,lawrence63@gmail.com,879-480-3557,West,Low
995,Kimberly Sanders,curtis56@yahoo.com,001-950-625-4390x737,North,Low
996,Chad Lambert,fhill@lopez.com,001-982-020-4418x12135,West,Medium
997,Kellie Juarez,arthur80@smith.com,001-017-503-0108,South,Low
998,Ashley Martin,mshepard@meyer.com,(012)837-0964,North,Low
999,Katelyn Vasquez,jeffrey76@yahoo.com,544-590-9925,North,High
1000,Andrew Robinson,florescharles@bell.com,+1-278-312-5864,West,Low
